name,listing_urls,homepage_url,discovered_via
Cancer Research UK - Race for Life,"[""https://raceforlife.cancerresearchuk.org/find-an-event?sort-field=eventDate""]",https://raceforlife.cancerresearchuk.org/,findarace.com
RunThrough Events,"[""https://www.runthrough.co.uk/events-timeline""]",https://www.runthrough.co.uk/,findarace.com
Zig Zag Running,"[""https://www.zigzagrunning.co.uk/""]",https://www.zigzagrunning.co.uk/,findarace.com
Sportiva Events,"[""https://sportivaevents.co.uk/events/""]",https://sportivaevents.co.uk/,findarace.com
It's Grim up North Running,"[""https://www.itsgrimupnorthrunning.co.uk/calendars/sport-events""]",https://www.itsgrimupnorthrunning.co.uk/,findarace.com
Phoenix Running,"[""https://www.phoenixrunning.co.uk/events""]",https://www.phoenixrunning.co.uk/,findarace.com
UK Running Events,"[""https://www.ukrunningevents.co.uk/events/trail-runs"", ""https://www.ukrunningevents.co.uk/events/hiking-trails""]",https://www.ukrunningevents.co.uk/,findarace.com
ATW,"[""https://www.atwevents.co.uk/calendars/sport-events""]",https://www.atwevents.co.uk/,findarace.com
Saturn Running,"[""https://www.saturnrunning.co.uk/calendars/sport-events""]",https://www.saturnrunning.co.uk/,findarace.com
A.S.O. UK,[],https://aso-uk.com/,findarace.com
Active South West Ltd,[],https://www.activesouthwest.co.uk/,findarace.com
Alcohol Change UK,[],https://alcoholchange.org.uk/,findarace.com
Balmoral Road Races Ltd,[],https://runbalmoral.com/,findarace.com
Basingstoke and Mid Hants Athletics Club,[],https://bmhac.co.uk/,findarace.com
Beacon Race Events,[],https://www.beaconrace-events.co.uk/,findarace.com
Bedford Harriers,[],https://www.bedfordharriers.co.uk/,findarace.com
Belvoir Challenge (parents and friends of Harby Primary School),[],https://belvoirchallenge.com/,findarace.com
Bog Dog Running,[],https://www.bog-dog.co.uk/,findarace.com
Castle Race Series,[],https://www.castleraceseries.com/,findarace.com
Challenge Running Ltd,[],https://www.challenge-running.co.uk/,findarace.com
Colchester10k / Rotary in Colchester,[],https://colchester10k.com/,findarace.com
Dartmoor Marathon,[],https://www.dartmoormarathon.co.uk/,findarace.com
Dave Talbot - Adventure Events,[],https://davetalbot.net/,findarace.com
Dirt Running,[],https://dirtrunning.org.uk/,findarace.com
Do3,[],https://www.do3.co.uk/,findarace.com
Ealing Half Marathon,[],https://www.ealinghalfmarathon.com/,findarace.com
Epic Endurance,[],https://www.epicenduranceevents.co.uk/,findarace.com
Eyam Half Marathon,[],https://www.eyamhalfmarathon.org/,findarace.com
Focal Events,[],https://focal.events/,findarace.com
Foxes Farm Produce,[],https://foxesfarmproduce.co.uk/,findarace.com
Frimley Health Charity,[],https://www.frimleyhealthcharity.org/,findarace.com
Frome Triathlon Club,[],https://clubspark.net/,findarace.com
Goring 10K,[],https://www.goring10k.com/,findarace.com
Great Run,[],https://www.greatrun.org/,findarace.com
Haydon Bridge & Haydon Parish Development Trust Ltd.,[],https://haydon-bridge.co.uk/,findarace.com
Hellfire Events Ltd,[],https://www.hellfireevents.com/,findarace.com
Insane Terrain Running,[],https://www.insaneterrainevents.com/,findarace.com
Jurassic Coast 10K,[],https://jurassiccoast10k.co.uk/,findarace.com
Lechlade & District Lions Club,[],https://www.lechladelions.org.uk/,findarace.com
Little Lifts,[],https://www.littlelifts.org.uk/,findarace.com
London Marathon Events,[],https://www.londonmarathonevents.co.uk/,findarace.com
MK Marathon Weekend,[],https://mkmarathon.com/,findarace.com
Nene Valley Races,[],https://nenevalleyraces.com/,findarace.com
Nice Work Partner Races / Wadhurst Runners,[],https://www.nice-work.org.uk/,findarace.com
Phoenix Running Crystal Palace,"[""https://www.phoenixrunning.co.uk/events""]",https://www.phoenixrunning.co.uk/,findarace.com
Redway Runners,[],https://www.redwayrunners.com/,findarace.com
RTC Events,[],https://www.rtcevents.co.uk/,findarace.com
Runningmonk Trail Events,[],https://www.runningmonktrailevents.com/,findarace.com
Sporting Events UK,[],https://www.sportingeventsuk.com/,findarace.com
Street Child,[],https://street-child.org/,findarace.com
Stuweb Events,[],https://www.stuweb.co.uk/,findarace.com
Superhuman Sports,[],https://www.superhumansports.com/,findarace.com
Surrey Trek and Run,[],https://www.surreytrekandrun.co.uk/,findarace.com
Teach First,[],https://www.teachfirst.org.uk/,findarace.com
The Amazing Northampton Run CIC,[],https://www.theamazingnorthamptonrun.co.uk/,findarace.com
The Robin Cancer Trust,[],https://www.therobincancertrust.org/,findarace.com
The Royal Parks charity,[],https://www.royalparks.org.uk/,findarace.com
Three Forts Challenge,[],https://www.threefortschallenge.org.uk/,findarace.com
Turner Swim,[],https://www.turnerswim.co.uk/,findarace.com
Wilderness Development,[],https://www.wilderness-development.com/,findarace.com
WitchWood Run,[],https://witchwoodrun.com/,findarace.com
Worcester Triathlon Club,[],https://worcestertriclub.co.uk/,findarace.com
Geo-Planet Wildmarathon,[],https://wildmarathon.com/,findarace.com
Hare & Tortoise Running Ltd,[],https://www.hareandtortoiserunning.co.uk/,findarace.com
Limelight Sports,[],http://limelightsportsgroup.com/,findarace.com
Northstowe Running Festival Events,[],https://northstowerunfest.co.uk/,findarace.com
Prosper Events,[],https://www.prosperevents.co.uk/,findarace.com
Run Fanatics,[],https://runfanatics.com/,findarace.com
Run Jersey Events,[],https://www.runjersey.co.uk/,findarace.com
The Drop,[],https://www.thedropuk.co.uk/,findarace.com
TriBourne Multisport Events,[],https://www.tribourne.co.uk/,findarace.com
Trident Sports Events,[],https://www.tridentsportsevents.co.uk/,findarace.com
votwo events,[],https://www.votwo.co.uk/,findarace.com
Wild Running Ltd,[],https://www.wildrunning.co.uk/,findarace.com
X-TRON Live,[],https://x-tronlive.com/,findarace.com
Andali Events,[],https://www.andalievents.com/,findarace.com
Barking Mad Events,[],https://www.barkingmadevents.com/,findarace.com
EndorphinSport Ltd,[],https://www.endorphinsport.com/,findarace.com
Future Sports Events Ltd,[],https://futuresportsevents.com/,findarace.com
GBR Run,[],https://www.gbrrun.com/,findarace.com
krono:sports,[],https://www.kronosports.uk/,findarace.com
Outsider Events,[],https://www.outsiderevents.com/,findarace.com
Pacesetter Events,[],https://www.pacesetterevents.com/,findarace.com
RaceNation Events,[],https://racenationevents.com/,findarace.com
Resolute Running,[],https://www.resoluterunning.co.uk/,findarace.com
Roy Castle Lung Cancer Foundation,[],https://roycastle.org/,findarace.com
Action Medical Research,[],https://action.org.uk/,findarace.com
Active Leisure Events Ltd,[],https://www.activeleisureevents.co.uk/,findarace.com
Barnes Fitness,[],https://www.barnesfitness.co.uk/,findarace.com
CIRCUIT RUNNING EVENTS LIMITED,[],https://www.circuitrunning.co.uk/,findarace.com
Dynamic Adventures,[],https://dynamicadventurescic.co.uk/,findarace.com
Eventrex,[],https://eventrexuk.com/,findarace.com
HermesRunning,[],https://www.hermesrunning.com/,findarace.com
Ridge Runners,[],https://www.ridgerunners.co.uk/,findarace.com
Running Tribe,[],https://runningtribe.co.uk/,findarace.com
Sandford Parks Lido,[],https://www.sandfordparkslido.org.uk/,findarace.com
Activity Wales Events Limited,[],https://www.activitywalesevents.com/,findarace.com
BustinSkin Events,[],https://bustinskin.com/,findarace.com
Events of the North,[],https://eventsofthenorth.com/,findarace.com
Ryde Harriers,[],https://www.rydeharriers.co.uk/,findarace.com
Trail Blazing Events,[],https://www.trailblazingevents.co.uk/,findarace.com
UK Triathlon,[],https://uktriathlon.co.uk/,findarace.com
Endurotrek,[],https://www.endurotrek.co.uk/,findarace.com
Good Running Events,[],https://www.goodrunningevents.co.uk/,findarace.com
Long Player Running,[],https://www.longplayerrunning.co.uk/,findarace.com
OuterEdge Events,[],https://outeredge-events.com/,findarace.com
RUN-FEST.com,[],https://www.run-fest.com/,findarace.com
Bridge Events Dartford,[],https://www.bridgetriathlon.co.uk/,findarace.com
Go Beyond,[],https://www.gobeyond.org.uk/,findarace.com
Race Harborough,[],https://raceharborough.co.uk/,findarace.com
Runaway Racing,[],https://runawayracing.com/,findarace.com
BigFeat Events,[],https://bigfeatevents.com/,findarace.com
Racing Line Running,[],https://www.racinglinerunning.co.uk/,findarace.com
Ultra X,[],https://ultra-x.co/,findarace.com
Always Aim High Events,[],https://alwaysaimhighevents.com/,findarace.com
Out-Fit Events,[],https://out-fit.co.uk/,findarace.com
Run UK,[],https://www.runuk.co.uk/,findarace.com
Secret London Runs,[],https://www.secretlondonruns.com/,findarace.com
Letsgovelo,[],https://www.letsgovelo.co.uk/,findarace.com
Relish Running races,[],https://www.relishrunningraces.com/,findarace.com
Sri Chinmoy Tri,[],https://uk.srichinmoyraces.org/,findarace.com
Enigma Running,[],http://www.enigmarunning.co.uk/,findarace.com
MCC Promotions,[],https://www.mccpromotions.com/,findarace.com
Run the Wild,[],https://runthewild.co.uk/,findarace.com
Running Adventures,[],https://www.runningadventures.uk/,findarace.com
Ultra Running Ltd,[],https://www.ultrarunningltd.co.uk/,findarace.com
Fylde Coast Runners,[],https://www.fyldecoastrunners.com/,findarace.com
Up and Running Events,[],https://www.upandrunningevents.co.uk/,findarace.com
GSi Events Ltd,[],https://www.gsi-events.com/,findarace.com
Run Nation,[],https://www.runnation.co.uk/,findarace.com
Rasselbock Running,[],https://rasselbock.co.uk/,findarace.com
Running Events Devon,[],https://runningeventsdevon.co.uk/,findarace.com
Onerace Events,[],https://www.onerace.events/,findarace.com
The Fix Events UK,[],https://thefixevents.com/,findarace.com
AAT Events,[],https://aat-events.com/,racecheck.com
Bassetlaw Triathlon Club,[],https://www.bassetlawtriclub.co.uk/,racecheck.com
Cardiff Triathletes,[],https://www.cardifftri.net/,racecheck.com
Club La Santa,[],https://www.clublasanta.com/,racecheck.com
Commando Series,[],https://www.commandoseries.co.uk/,racecheck.com
Cotswold Running,[],https://cotswoldrunning.co.uk/,racecheck.com
Crystal Palace Tri Club,[],https://crystalpalacetriathletes.com/,racecheck.com
Everyone Active,[],https://www.everyoneactive.com/,racecheck.com
F3 Events,[],https://www.f3events.co.uk/,racecheck.com
Hereford Triathlon Club,[],https://www.herefordtriathlonclub.co.uk/,racecheck.com
HUUB,[],https://huubdesign.com/,racecheck.com
Ironman,[],https://www.ironman.com/,racecheck.com
Mad Hatters,[],https://www.madhattersportsevents.co.uk/,racecheck.com
Mid Sussex Tri Club,[],https://www.midsussextriclub.com/,racecheck.com
Newbury Athletic Club,[],https://www.newburyac.org.uk/,racecheck.com
NYP Tri,[],https://www.nyptristars.co.uk/,racecheck.com
OSB Events,[],https://www.osbevents.com/,racecheck.com
Portsmouth Triathletes,[],https://portsmouthtriathletes.co.uk/,racecheck.com
Rough Runner,[],https://roughrunner.com/,racecheck.com
Run North West,[],https://www.runnorthwest.co.uk/,racecheck.com
See York Run York,[],https://www.seeyorkrunyork.co.uk/,racecheck.com
Sunderland Strollers,[],https://sunderlandstrollers.co.uk/,racecheck.com
SY Tri,[],https://sytri.org/,racecheck.com
Wilmslow Running Club,[],https://wilmslowrunningclub.co.uk/,racecheck.com
York Knavesmire Harriers,[],https://www.yorkknavesmireharriers.co.uk/,racecheck.com
Spartan Race,[],https://uk.spartan.com/,racecheck.com
Rock 'n' Roll Running Series,[],https://www.runrocknroll.com/,racecheck.com
Threshold Sports,[],https://www.thresholdsports.co.uk/,racecheck.com
Rat Race Events,[],https://www.ratrace.com/,racecheck.com
White Star Running,[],https://whitestarrunning.co.uk/,racecheck.com
Centurion Running,[],https://www.centurionrunning.com/,racecheck.com
Let’s Do This,[],https://www.letsdothis.com/,racecheck.com
Challenge Family,[],https://www.challenge-family.com/,racecheck.com
XTERRA,[],https://www.xterraplanet.com/,racecheck.com
The Wolf Run,[],https://www.thewolfrun.com/,racecheck.com
Maverick Race,[],https://www.maverick-race.com/,racecheck.com
Wild Deer Events,[],https://www.wilddeerevents.co.uk/,racecheck.com
